"ad_id","product_id","brand","model","year","price"
39,5,"Toyota","Toyota Yaris",2012,160000000
99,4,"Toyota","Toyota Yaris",2020,270000000
42,2,"Toyota","Toyota Yaris",2018,320000000
25,3,"Toyota","Toyota Yaris",2014,400000000
6,2,"Toyota","Toyota Yaris",2018,420000000
53,2,"Toyota","Toyota Yaris",2018,500000000
9,4,"Toyota","Toyota Yaris",2020,520000000
5,2,"Toyota","Toyota Yaris",2018,590000000
20,2,"Toyota","Toyota Yaris",2018,660000000
30,2,"Toyota","Toyota Yaris",2018,730000000
